{
    "btc_peak": 3.0282470984734386,
    "btc_recovered": 3.027908260941615,
    "btc_retention": 0.9998881077003279,
    "aapl_peak": 0.7246906692010148,
    "aapl_recovered": 0.7246301645643906,
    "aapl_retention": 0.9999165097065609,
    "success": true
}